{"dense_3": 61.143485044680936, "dense_2": 10.57488579253515, "dense_1": 4.148298186750773, "conv2d_5": 7.087334478325138, "conv2d_4": 4.926011236344055, "first": "conv2d_1", "conv2d_1": 0.8488074600768905, "conv2d_3": 6.117036800079785, "conv2d_2": 1.8182034522838635}