{"dense_3": 68.59274004525122, "dense_2": 23.365756424636633, "dense_1": 4.605177031880244, "conv2d_5": 5.132445923387502, "conv2d_4": 4.105009363620046, "first": "conv2d_1", "conv2d_1": 3.3563468474970217, "conv2d_3": 7.363099851947889, "conv2d_2": 3.659444570142474}