{"first": "conv2d_1", "conv2d_5": 1.2862456075709763, "dense_2": 6.014366806742896, "dense_3": 17.27446030594692, "dense_1": 1.352292969292825, "conv2d_1": 0.844436455500722, "conv2d_3": 2.128039562844658, "conv2d_2": 0.9170957813791348, "conv2d_4": 1.2497743641169636}