{"dense_2": 6.891813246662568, "dense_1": 6.230575249647332, "conv2d_2": 9.80104598261382, "conv2d_1": 312.24009603841534, "first": "conv2d_1"}