{"dense_2": 26.107055069429563, "dense_1": 10.962838690751662, "conv2d_2": 27.02437874494373, "conv2d_1": 316.9969530773918, "first": "conv2d_1"}