{"dense_2": 21.857661115633523, "dense_1": 23.282675932892662, "conv2d_2": 37.007068359304036, "conv2d_1": 203.04137392661983, "first": "conv2d_1"}