{"dense_2": 38.6583052225082, "dense_1": 6.319949538564625, "conv2d_6": 15.679334717725279, "conv2d_5": 11.801167179445978, "conv2d_4": 10.501684554822917, "first": "conv2d_1", "conv2d_1": 127.40435953955425, "conv2d_3": 10.974733125862445, "conv2d_2": 18.18044983186389}