{"first": "conv2d_1", "conv2d_5": 3.1321067734158796, "dense_2": 18.891002682838575, "dense_1": 1.8879575685550893, "conv2d_1": 268.4169246646027, "conv2d_6": 2.508540361531524, "conv2d_3": 4.04515688493562, "conv2d_2": 5.192272505581799, "conv2d_4": 4.889959646661531}