{
    "dense_2": 42.23777792829599,
    "dense_1": 7.533429128328008,
    "conv2d_6": 10.009711735000057,
    "conv2d_5": 11.78966506718531,
    "conv2d_4": 19.41685731042795,
    "first": "conv2d_1",
    "conv2d_1": 203.04137392661983,
    "conv2d_3": 16.141201059382485,
    "conv2d_2": 18.41080640868088
}