{"dense_1": 29.754777206972907, "conv2d_2": 21.827526895322002, "conv2d_1": 249.85206532180595, "conv2d_3": 7.916305277190686, "first": "conv2d_1"}