{"first": "conv2d_1", "dense_1": 20.860623556579778, "conv2d_1": 268.4169246646027, "conv2d_3": 5.037648812757709, "conv2d_2": 11.15823080632279}