{"dense_1": 235.54922488561823, "conv2d_2": 75.76076722735723, "conv2d_1": 127.34198286413708, "conv2d_3": 25.444395698335548, "first": "conv2d_1"}