{"dense_1": 60.379577139295904, "conv2d_2": 44.37838314195097, "conv2d_1": 203.04137392661983, "conv2d_3": 16.094944257524144, "first": "conv2d_1"}